{
    "test_sample_size": 192,
    "default_ratio": 0.09895833333333333,
    "metrics": {
        "lightgbm": {
            "auc": 0.6851232126559172,
            "ks_statistic": 0.34560389412838455,
            "ks_threshold": 0.055973436206041234,
            "f1_score": 0.0,
            "precision": 0.0,
            "recall": 0.0,
            "confusion_matrix": {
                "TN": 172,
                "FP": 1,
                "FN": 19,
                "TP": 0
            }
        },
        "sllm": {
            "auc": 0.9297231518101612,
            "ks_statistic": 0.8497109826589595,
            "ks_threshold": 0.09126703199613534,
            "f1_score": 0.09523809523809525,
            "precision": 0.5,
            "recall": 0.05263157894736842,
            "confusion_matrix": {
                "TN": 172,
                "FP": 1,
                "FN": 18,
                "TP": 1
            }
        }
    },
    "comparison": {
        "auc_improvement_pct": 35.70159857904084,
        "ks_improvement_pct": 145.86267605633802
    }
}