{
    "model_type": "LightGBM",
    "val_auc": 0.711046511627907,
    "val_ks": 0.38604651162790693
}