{
    "model_type": "LightGBM",
    "val_auc": 0.7286905280856892,
    "val_ks": 0.35060406028147967
}